CATEGORY,TIME,INDICATOR,SOURCE,DESCRIPTION,UNIT,MAP,GRAPH,FILE,OPTIONS,ID,AFG,ALB,DZA,AND,AGO,AIA,ATG,ARG,ARM,ABW,AUS,AUT,AZE,BHS,BHR,BGD,BRB,BLR,BEL,BLZ,BEN,BMU,BTN,BOL,BIH,BWA,BRA,VGB,BRN,BGR,BFA,BDI,KHM,CMR,CAN,CPV,CYM,CAF,TCD,CHL,CHN,COL,COM,COG,COK,CRI,CIV,HRV,CUB,CYP,CZE,PRK,COD,DNK,DJI,DMA,DOM,ECU,EGY,SLV,GNQ,ERI,EST,ETH,FJI,FIN,FRA,GAB,GMB,GEO,DEU,GHA,GIB,GRC,GRD,GTM,GIN,GNB,GUY,HTI,VAT,HND,HKG,HUN,ISL,IND,IDN,IRN,IRQ,IRL,ISR,ITA,JAM,JPN,JOR,KAZ,KEN,KIR,KWT,KGZ,LAO,LVA,LBN,LSO,LBR,LBY,LIE,LTU,LUX,MAC,MDG,MWI,MYS,MDV,MLI,MLT,MHL,MRT,MUS,MEX,FSM,MCO,MNG,MNE,MSR,MAR,MOZ,MMR,NAM,NRU,NPL,NLD,ANT,NZL,NIC,NER,NGA,NIU,NOR,OMN,PAK,PLW,PSE,PAN,PNG,PRY,PER,PHL,POL,PRT,QAT,KOR,MDA,ROU,RUS,RWA,KNA,LCA,VCT,WSM,SMR,STP,SAU,SEN,SRB,SYC,SLE,SGP,SVK,SVN,SLB,SOM,ZAF,ESP,LKA,SDN,SUR,SWZ,SWE,CHE,SYR,TJK,THA,MKD,TLS,TGO,TKL,TON,TTO,TUN,TUR,TKM,TCA,TUV,UGA,UKR,ARE,GBR,TZA,USA,URY,UZB,VUT,VEN,VNM,YEM,ZMB,ZWE,GUF,ESH,TWN,GRL,EAZ,SJM,PRI,IMN,JEY,GGY,VIR,KOS,SSD
FINAL_WORLD_REPORT (1),2017,,,,,,,,,,,,,,,,,,,,,,,,,,,,,,,,,,,,,,,,,,,,,,,,,,,,,,,,,,,,,,,,,,,,,,,,,,,,,,,,,,,,,,,,,,,,,,,,,,,,,,,,,,,,,,,,,,,,,,,,,,,,,,,,,,,,,,,,,,,,,,,,,,,,,,,,,,,,,,,,,,,,,,,,,,,,,,,,,,,,,,,,,,,,,,,,,,,,,,,,,,,,,,,,,,,,,,,,,,,,,,,,,,,,,,
,,Adult_Literacy_Rate_Female__,,,,,,,,,,96,68,,,,,99,100,,,,,,,70,,99,,,,,,89,,,92,,,98,,,,,,,,,,97,93,95,,,,98,,99,,,,,,,,,,93,,,,,100,,,,,,,100,,65,,,,76,22,,,,,,,99,,59,94,,38,,,,93,,97,100,74,,,,,,88,,,,,100,,,,55,91,,,,,,,94,,,,,,,43,,,,49,,,,,,41,,,,44,,,93,,,,,,,,,,,,,,,,,,,,,,,,,,,,,,,,,,,,,,,,,,,,,,,,,,,,,,,,,,,,,,,,,,,,,,,,,,,,,
,,total_per_1M,,,,,,,,,,5120,1192,,,,,18198,18131,,,,,,,2260,,8626,,,,,,11734,,,23482,,,3280,,,,,,,,,,24762,59,17046,,,,16351,,4501,,,8647,,,,,,,8103,,,,,2800,699,,,,,,2446,,1499,,,,5316,821,,,,,,,3430,,4939,1151,,9666,,,,2426,,1975,5753,738,,,,,,7096,,,,,2022,,,,301,431,,,,,,,6146,,,,,,,302,,,,3220,,,,,,49,,,,1425,,,26913,,,,,,,,,,,,,,,,,,,,,3918,,,,,,,,,,,,,,,,,,,,,,,,,,,,,,,,,,,,,,,,,,,,,,,,,,,,,,,,
,,deaths_per_1M,,,,,,,,,,141,40,,,,,482,336,,,,,,,33,,93,,,,,,696,,,696,,,126,,,,,,,,,,683,3,529,,,,201,,75,,,77,,,,,,,663,,,,,50,11,,,,,,16,,10,,,,185,5,,,,,,,91,,76,42,,237,,,,43,,13,93,14,,,,,,64,,,,,37,,,,9,4,,,,,,,637,,,,,,,2,,,,20,,,,,,3,,,,29,,,563,,,,,,,,,,,,,,,,,,,,,87,,,,,,,,,,,,,,,,,,,,,,,,,,,,,,,,,,,,,,,,,,,,,,,,,,,,,,,,
,,tests_per_1M,,,,,,,,,,31436,,,,,,46594,105515,,,,,,,12274,,209222,,,,,,26421,,,84053,,,80292,,,,,,,,,,185219,111163,77761,,,,48001,,82617,,,139512,,,,,,,25694,,,,,170651,11419,,,,,,170342,,15634,,,,19296,2546,,,,,,,80904,,59462,13109,,59798,,,,27798,,132073,161681,10454,,,,,,136031,,,,,300630,,,,2842,50118,,,,,,,15633,,,,,,,4718,,,,38037,,,,,,1095,,,,16802,,,118720,,,,,,,,,,,,,,,,,,,,,134464,,,,,,,,,,,,,,,,,,,,,,,,,,,,,,,,,,,,,,,,,,,,,,,,,,,,,,,,
,,deathsPerTotal,,,,,,,,,,0.027539063,0.033557047,,,,,0.026486427,0.018531796,,,,,,,0.01460177,,0.010781359,,,,,,0.059314812,,,0.029639724,,,0.038414634,,,,,,,,,,0.027582586,0.050847458,0.031033674,,,,0.012292826,,0.016662964,,,0.008904822,,,,,,,0.081821548,,,,,0.017857143,0.015736767,,,,,,0.006541292,,0.006671114,,,,0.034800602,0.006090134,,,,,,,0.026530612,,0.01538773,0.036490009,,0.024518932,,,,0.01772465,,0.006582278,0.016165479,0.01897019,,,,,,0.009019166,,,,,0.018298714,,,,0.029900332,0.009280742,,,,,,,0.103644647,,,,,,,0.006622517,,,,0.00621118,,,,,,0.06122449,,,,0.020350877,,,0.020919258,,,,,,,,,,,,,,,,,,,,,0.022205207,,,,,,,,,,,,,,,,,,,,,,,,,,,,,,,,,,,,,,,,,,,,,,,,,,,,,,,,
,,Population_Below_Poverty_National,,,,,,,,,,14,6,,,,,32,6,,,,,,,24,,6,,,,,,35,,,9,,,23,,,,,,,,,,9,3,27,,,,21,,20,,,10,,,,,,,23,,,,,22,24,,,,,,20,,24,,,,59,55,,,,,,,15,,22,10,,19,,,,20,,14,3,36,,,,,,27,,,,,22,,,,52,0,,,,,,,42,,,,,,,46,,,,25,,,,,,45,,,,24,,,22,,,,,,,,,,,,,,,,,,,,,26,,,,,,,,,,,,,,,,,,,,,,,,,,,,,,,,,,,,,,,,,,,,,,,,,,,,,,,,
,,mean_BMI_men,,,,,,,,,,27.17447081,24.86538555,,,,,28.01768234,25.74388941,,,,,,,21.40108169,,26.629948,,,,,,25.42187349,,,26.47157714,,,27.32226907,,,,,,,,,,27.99180302,24.27643908,25.990732,,,,26.9095007,,28.1976285,,,28.18887918,,,,,,,26.76872095,,,,,27.10832438,20.11043961,,,,,,27.68977139,,22.59033672,,,,25.83059531,22.46822914,,,,,,,28.39520228,,21.81452731,22.58718339,,27.9517395,,,,25.97758141,,28.50538669,26.48649063,22.22532695,,,,,,28.1243274,,,,,27.21831369,,,,22.59813348,25.40068289,,,,,,,27.63516419,,,,,,,22.06723557,,,,22.62258358,,,,,,22.64855815,,,,23.41747955,,,26.33225151,,,,,,,,,,,,,,,,,,,,,26.78923098,,,,,,,,,,,,,,,,,,,,,,,,,,,,,,,,,,,,,,,,,,,,,,,,,,,,,,,,
,,BMIabove30_men,,,,,,,,,,0.223735443,0.20666228,,,,,0.28231271,0.177511025,,,,,,,0.02370829,,0.229123275,,,,,,0.150710543,,,0.192358597,,,0.263721859,,,,,,,,,,0.257334656,0.061117492,0.182811838,,,,0.218308081,,0.249822384,,,0.273212658,,,,,,,0.154459274,,,,,0.211251163,0.019808609,,,,,,0.199101739,,0.047496177,,,,0.15666651,0.038732524,,,,,,,0.291237593,,0.028715458,0.049784836,,0.243007442,,,,0.158876273,,0.291715373,0.195682181,0.02972912,,,,,,0.28375423,,,,,0.250117113,,,,0.023087422,0.134375001,,,,,,,0.251199922,,,,,,,0.034246458,,,,0.02799041,,,,,,0.04822378,,,,0.062647824,,,0.184848517,,,,,,,,,,,,,,,,,,,,,0.218618144,,,,,,,,,,,,,,,,,,,,,,,,,,,,,,,,,,,,,,,,,,,,,,,,,,,,,,,,
,,BMIabove35_men,,,,,,,,,,0.045036331,0.042840465,,,,,0.076016675,0.039062504,,,,,,,0.001746411,,0.054668847,,,,,,0.023004192,,,0.043006767,,,0.059550186,,,,,,,,,,0.061428457,0.00630872,0.038402306,,,,0.058450447,,0.056851525,,,0.062336711,,,,,,,0.026394504,,,,,0.047317831,0.002039668,,,,,,0.053865977,,0.009506677,,,,0.031086567,0.007661513,,,,,,,0.074717582,,0.003298228,0.006005462,,0.064095151,,,,0.040739589,,0.079418714,0.04250762,0.003798957,,,,,,0.074797911,,,,,0.062727089,,,,0.002488234,0.033053856,,,,,,,0.070726275,,,,,,,0.004079087,,,,0.001507267,,,,,,0.012040568,,,,0.009074166,,,0.045990656,,,,,,,,,,,,,,,,,,,,,0.042807491,,,,,,,,,,,,,,,,,,,,,,,,,,,,,,,,,,,,,,,,,,,,,,,,,,,,,,,,
,,BMIbelow18_men,,,,,,,,,,0.003623465,0.033009684,,,,,0.003472276,0.016803872,,,,,,,0.196600158,,0.007108105,,,,,,0.012916631,,,0.017672846,,,0.003135047,,,,,,,,,,0.003060983,0.038304123,0.015565576,,,,0.010370577,,0.003139186,,,0.002026984,,,,,,,0.008515587,,,,,0.005200145,0.167494249,,,,,,0.013062677,,0.099698413,,,,0.01482226,0.111799115,,,,,,,0.003960294,,0.225643165,0.126786932,,0.019854261,,,,0.042774194,,0.00847984,0.016891577,0.137483391,,,,,,0.010827293,,,,,0.003330171,,,,0.1260556,0.056547101,,,,,,,0.008199341,,,,,,,0.121752794,,,,0.155589529,,,,,,0.105921811,,,,0.147651859,,,0.016343606,,,,,,,,,,,,,,,,,,,,,0.005256536,,,,,,,,,,,,,,,,,,,,,,,,,,,,,,,,,,,,,,,,,,,,,,,,,,,,,,,,
,,ISO_y,,,,,,,,,,ALB,DZA,,,,,ARG,ARM,,,,,,,BGD,,BLR,,,,,,BOL,,,BRA,,,BGR,,,,,,,,,,CHL,CHN,COL,,,,CRI,,HRV,,,CZE,,,,,,,ECU,,,,,EST,ETH,,,,,,GEO,,GHA,,,,GTM,GIN,,,,,,,HUN,,IND,IDN,,IRQ,,,,JAM,,JOR,KAZ,KEN,,,,,,LBN,,,,,LTU,,,,MWI,MYS,,,,,,,MEX,,,,,,,MOZ,,,,NPL,,,,,,NGA,,,,PAK,,,PAN,,,,,,,,,,,,,,,,,,,,,SRB,,,,,,,,,,,,,,,,,,,,,,,,,,,,,,,,,,,,,,,,,,,,,,,,,,,,,,,,
,,mean_BMI_women,,,,,,,,,,26.50751203,26.56116565,,,,,27.79858856,27.19451321,,,,,,,22.05260608,,26.91237453,,,,,,27.92672885,,,27.03856248,,,25.93015482,,,,,,,,,,28.34360496,23.59199764,26.75453166,,,,28.10500815,,27.03333448,,,26.43610997,,,,,,,28.0662789,,,,,26.04526707,21.11970671,,,,,,27.87763074,,25.38987538,,,,27.49113119,23.48420628,,,,,,,26.65430385,,22.00366557,23.90401041,,29.94273994,,,,29.86594518,,30.08778993,26.66546632,24.58874859,,,,,,27.64767452,,,,,26.05921691,,,,23.26532312,26.30422774,,,,,,,28.5927059,,,,,,,23.49925099,,,,22.54971901,,,,,,24.03240199,,,,24.80713807,,,27.84507405,,,,,,,,,,,,,,,,,,,,,25.73872813,,,,,,,,,,,,,,,,,,,,,,,,,,,,,,,,,,,,,,,,,,,,,,,,,,,,,,,,
,,BMIabove30_women,,,,,,,,,,0.22721485,0.362187173,,,,,0.301351528,0.240239091,,,,,,,0.051891316,,0.273369118,,,,,,0.265583154,,,0.264350718,,,0.252749569,,,,,,,,,,0.32126225,0.06831338,0.277013503,,,,0.315309442,,0.255715221,,,0.264991175,,,,,,,0.256432376,,,,,0.227396321,0.072535631,,,,,,0.247660274,,0.173379612,,,,0.274543197,0.120051266,,,,,,,0.256362239,,0.0530602,0.092785796,,0.383327645,,,,0.347202301,,0.446041604,0.236484467,0.116139956,,,,,,0.384367193,,,,,0.289402333,,,,0.09558697,0.186385863,,,,,,,0.339817353,,,,,,,0.110001908,,,,0.056409863,,,,,,0.1364876,,,,0.117545149,,,0.286891407,,,,,,,,,,,,,,,,,,,,,0.227939253,,,,,,,,,,,,,,,,,,,,,,,,,,,,,,,,,,,,,,,,,,,,,,,,,,,,,,,,
,,BMIabove35_women,,,,,,,,,,0.07233658,0.136361186,,,,,0.124260773,0.085890418,,,,,,,0.008710831,,0.098346605,,,,,,0.089150221,,,0.101411348,,,0.083540466,,,,,,,,,,0.128897177,0.009907177,0.086030902,,,,0.122308338,,0.095570996,,,0.095118401,,,,,,,0.079271448,,,,,0.078595836,0.015623935,,,,,,0.094377495,,0.063091732,,,,0.094043015,0.038725162,,,,,,,0.088450144,,0.01115967,0.018814476,,0.136748135,,,,0.160171623,,0.196146269,0.086384852,0.032190923,,,,,,0.14748095,,,,,0.111789677,,,,0.025295092,0.06075327,,,,,,,0.132470134,,,,,,,0.028988116,,,,0.009424298,,,,,,0.048425695,,,,0.03621639,,,0.105459086,,,,,,,,,,,,,,,,,,,,,0.078544815,,,,,,,,,,,,,,,,,,,,,,,,,,,,,,,,,,,,,,,,,,,,,,,,,,,,,,,,
,,BMIbelow18_women,,,,,,,,,,0.019942631,0.032797709,,,,,0.011436264,0.032324096,,,,,,,0.22837355,,0.019661371,,,,,,0.012927664,,,0.031312498,,,0.018045651,,,,,,,,,,0.009260567,0.060589068,0.024258959,,,,0.021167549,,0.017524999,,,0.015318817,,,,,,,0.01225036,,,,,0.021210139,0.141766111,,,,,,0.032780086,,0.068348015,,,,0.016858082,0.098414234,,,,,,,0.025108292,,0.237445424,0.124083604,,0.020048586,,,,0.031189356,,0.012271963,0.034181083,0.094187201,,,,,,0.022056132,,,,,0.013628604,,,,0.087672312,0.067644803,,,,,,,0.015215504,,,,,,,0.096504833,,,,0.171704319,,,,,,0.092894799,,,,0.14381981,,,0.0244267,,,,,,,,,,,,,,,,,,,,,0.02561681,,,,,,,,,,,,,,,,,,,,,,,,,,,,,,,,,,,,,,,,,,,,,,,,,,,,,,,,
,,Gross_Domestic_Product_Per_Capita,,,,,,,,,,4,0,,,,,2,7,,,,,,,6,,2,,,,,,3,,,0,,,4,,,,,,,,,,1,6,1,,,,2,,4,,,4,,,,,,,2,,,,,5,8,,,,,,5,,6,,,,1,6,,,,,,,4,,5,4,,-4,,,,0,,-1,3,2,,,,,,1,,,,,5,,,,1,4,,,,,,,1,,,,,,,1,,,,6,,,,,,-2,,,,4,,,4,,,,,,,,,,,,,,,,,,,,,2,,,,,,,,,,,,,,,,,,,,,,,,,,,,,,,,,,,,,,,,,,,,,,,,,,,,,,,,
,,Prevalence_Child_Malnutrition,,,,,,,,,,,12,,,,,,9,,,,,,,36,,,,,,,,16,,,,,,,,,,,,,,,,2,8,13,,,,,,,,,,,,,,,,24,,,,,,38,,,,,,,,19,,,,47,32,,,,,,,,,38,36,,23,,,,6,,8,8,26,,,,,,,,,,,,,,,37,3,,,,,,,12,,,,,,,43,,,,36,,,,,,44,,,,45,,,,,,,,,,,,,,,,,,,,,,,,6,,,,,,,,,,,,,,,,,,,,,,,,,,,,,,,,,,,,,,,,,,,,,,,,,,,,,,,,
,,Under_Five_Mortality_Rate,,,,,,,,,,9,24,,,,,10,12,,,,,,,30,,3,,,,,,27,,,14,,,7,,,,,,,,,,7,9,14,,,,9,,5,,,3,,,,,,,14,,,,,3,55,,,,,,10,,48,,,,26,101,,,,,,,4,,37,25,,27,,,,14,,16,10,41,,,,,,7,,,,,4,,,,50,8,,,,,,,13,,,,,,,73,,,,32,,,,,,120,,,,69,,,15,,,,,,,,,,,,,,,,,,,,,6,,,,,,,,,,,,,,,,,,,,,,,,,,,,,,,,,,,,,,,,,,,,,,,,,,,,,,,,
,,Safely_Managed_Drinking_Water_Services,,,,,,,,,,69,,,,,,99,7,,,,,,,56,,94,,,,,,,,,,,,97,,,,,,,,,,98,,71,,,,90,,10,,,98,,,,,,,74,,,,,82,2,,,,,,73,,27,,,,7,,,,,,,,82,,,,,,,,,,,93,,,,,,,,48,,,,,92,,,,,92,,,,,,,43,,,,,,,,,,,27,,,,,,19,,,,36,,,,,,,,,,,,,,,,,,,,,,,,88,,,,,,,,,,,,,,,,,,,,,,,,,,,,,,,,,,,,,,,,,,,,,,,,,,,,,,,,
,,Access_To_Electricity,,,,,,,,,,1,99,,,,,1,1,,,,,,,76,,1,,,,,,93,,,1,,,1,,,,,,,,,,1,1,99,,,,1,,1,,,1,,,,,,,100,,,,,1,43,,,,,,1,,79,,,,92,34,,,,,,,1,,85,98,,1,,,,98,,1,1,56,,,,,,1,,,,,1,,,,11,1,,,,,,,1,,,,,,,24,,,,10,,,,,,59,,,,99,,,93,,,,,,,,,,,,,,,,,,,,,1,,,,,,,,,,,,,,,,,,,,,,,,,,,,,,,,,,,,,,,,,,,,,,,,,,,,,,,,
,,Renewable_Energy_Consumption,,,,,,,,,,39,0,,,,,1,16,,,,,,,35,,7,,,,,,18,,,44,,,18,,,,,,,,,,25,12,24,,,,39,,33,,,15,,,,,,,14,,,,,28,92,,,,,,29,,41,,,,64,76,,,,,,,16,,36,37,,1,,,,17,,3,2,73,,,,,,4,,,,,29,,,,84,5,,,,,,,9,,,,,,,86,,,,85,,,,,,87,,,,47,,,21,,,,,,,,,,,,,,,,,,,,,21,,,,,,,,,,,,,,,,,,,,,,,,,,,,,,,,,,,,,,,,,,,,,,,,,,,,,,,,
,,Ambient_Air_Pollution,,,,,,,,,,15,37,,,,,14,27,,,,,,,11,,20,,,,,,22,,,13,,,26,,,,,,,,,,22,56,17,,,,19,,20,,,19,,,,,,,13,,,,,6,50,,,,,,3,,54,,,,29,46,,,,,,,25,,76,17,,73,,,,15,,37,20,16,,,,,,33,,,,,17,,,,28,18,,,,,,,19,,,,,,,21,,,,79,,,,,,123,,,,76,,,14,,,,,,,,,,,,,,,,,,,,,19,,,,,,,,,,,,,,,,,,,,,,,,,,,,,,,,,,,,,,,,,,,,,,,,,,,,,,,,
,,Carbon_Dioxide_Emissions,,,,,,,,,,2,4,,,,,5,2,,,,,,,1,,7,,,,,,2,,,3,,,6,,,,,,,,,,5,8,2,,,,2,,4,,,9,,,,,,,3,,,,,15,0,,,,,,2,,1,,,,1,0,,,,,,,4,,2,2,,5,,,,3,,3,14,0,,,,,,4,,,,,4,,,,0,8,,,,,,,4,,,,,,,0,,,,0,,,,,,1,,,,1,,,2,,,,,,,,,,,,,,,,,,,,,5,,,,,,,,,,,,,,,,,,,,,,,,,,,,,,,,,,,,,,,,,,,,,,,,,,,,,,,,
,,Internet_Use,,,,,,,,,,66,43,,,,,71,64,,,,,,,18,,71,,,,,,40,,,7,,,60,,,,,,,,,,84,53,58,,,,66,,73,,,77,,,,,,,54,,,,,87,15,,,,,,59,,35,,,,35,10,,,,,,,79,,30,26,,21,,,,44,,62,75,17,,,,,,76,,,,,74,,,,12,79,,,,,,,60,,,,,,,18,,,,20,,,,,,26,,,,16,,,54,,,,,,,,,,,,,,,,,,,,,67,,,,,,,,,,,,,,,,,,,,,,,,,,,,,,,,,,,,,,,,,,,,,,,,,,,,,,,,
,,Married_By_Age_18,,,,,,,,,,,3,,,,,,5,,,,,,,59,,3,,,,,,,,,,,,,,,,,,,,,,,,23,,,,21,,,,,,,,,,,,,,,,,,4,,,,,,14,,3,,,,30,52,,,,,,,,,25,14,,24,,,,8,,8,6,23,,,,,,,,,,,,,,,42,,,,,,,,,,,,,,,48,,,,40,,,,,,43,,,,21,,,26,,,,,,,,,,,,,,,,,,,,,3,,,,,,,,,,,,,,,,,,,,,,,,,,,,,,,,,,,,,,,,,,,,,,,,,,,,,,,,
,,Women_In_Parliaments,,,,,,,,,,28,26,,,,,39,18,,,,,,,2,,35,,,,,,53,,,11,,,24,,,,,,,,,,16,24,19,,,,35,,19,,,2,,,,,,,38,,,,,27,39,,,,,,16,,13,,,,13,22,,,,,,,1,,12,2,,25,,,,18,,15,27,22,,,,,,3,,,,,21,,,,17,1,,,,,,,43,,,,,,,4,,,,3,,,,,,6,,,,21,,,18,,,,,,,,,,,,,,,,,,,,,34,,,,,,,,,,,,,,,,,,,,,,,,,,,,,,,,,,,,,,,,,,,,,,,,,,,,,,,,
,,Country,,,,,,,,,,Albania,Algeria,,,,,Argentina,Armenia,,,,,,,Bangladesh,,Belarus,,,,,,Bolivia,,,Brazil,,,Bulgaria,,,,,,,,,,Chile,China,Colombia,,,,Costa Rica,,Croatia,,,Czech Republic,,,,,,,Ecuador,,,,,Estonia,Ethiopia,,,,,,Georgia,,Ghana,,,,Guatemala,Guinea,,,,,,,Hungary,,India,Indonesia,,Iraq,,,,Jamaica,,Jordan,Kazakhstan,Kenya,,,,,,Lebanon,,,,,Lithuania,,,,Malawi,Malaysia,,,,,,,Mexico,,,,,,,Mozambique,,,,Nepal,,,,,,Nigeria,,,,Pakistan,,,Panama,,,,,,,,,,,,,,,,,,,,,Kosovo,,,,,,,,,,,,,,,,,,,,,,,,,,,,,,,,,,,,,,,,,,,,,,,,,,,,,,,,
,,Health_Expenditure_per_Capita,,,,,,,,,,272,260,,,,,955,359,,,,,,,34,,318,,,,,,213,,,1016,,,613,,,,,,,,,,1191,398,340,,,,889,,885,,,1322,,,,,,,505,,,,,1185,28,,,,,,308,,68,,,,241,38,,,,,,,943,,63,112,,153,,,,296,,224,262,66,,,,,,662,,,,,988,,,,30,362,,,,,,,462,,,,,,,19,,,,46,,,,,,79,,,,40,,,1041,,,,,,,,,,,,,,,,,,,,,,,,,,,,,,,,,,,,,,,,,,,,,,,,,,,,,,,,,,,,,,,,,,,,,,,,,,,,,
,,Prevalence_Undernourishment,,,,,,,,,,7,11,,,,,4,24,,,,,,,21,,3,,,,,,33,,,12,,,5,,,,,,,,,,5,16,10,,,,5,,10,,,3,,,,,,,19,,,,,6,52,,,,,,14,,16,,,,21,26,,,,,,,3,,18,18,,28,,,,7,,13,6,31,,,,,,3,,,,,3,,,,27,3,,,,,,,4,,,,,,,40,,,,22,,,,,,9,,,,23,,,28,,,,,,,,,,,,,,,,,,,,,,,,,,,,,,,,,,,,,,,,,,,,,,,,,,,,,,,,,,,,,,,,,,,,,,,,,,,,,
,,Labor_Force_Participation_Female,,,,,,,,,,47,15,,,,,49,49,,,,,,,36,,58,,,,,,57,,,54,,,50,,,,,,,,,,51,62,59,,,,45,,46,,,53,,,,,,,57,,,,,57,74,,,,,,58,,64,,,,41,64,,,,,,,48,,24,52,,12,,,,60,,14,65,64,,,,,,23,,,,,56,,,,73,51,,,,,,,44,,,,,,,78,,,,82,,,,,,51,,,,24,,,53,,,,,,,,,,,,,,,,,,,,,,,,,,,,,,,,,,,,,,,,,,,,,,,,,,,,,,,,,,,,,,,,,,,,,,,,,,,,,
,,Labor_Force_Participation_Male,,,,,,,,,,74,75,,,,,75,67,,,,,,,87,,66,,,,,,82,,,79,,,56,,,,,,,,,,76,83,84,,,,81,,63,,,69,,,,,,,84,,,,,67,90,,,,,,74,,77,,,,85,68,,,,,,,58,,83,84,,76,,,,77,,69,77,73,,,,,,70,,,,,67,,,,79,78,,,,,,,83,,,,,,,83,,,,90,,,,,,63,,,,84,,,81,,,,,,,,,,,,,,,,,,,,,,,,,,,,,,,,,,,,,,,,,,,,,,,,,,,,,,,,,,,,,,,,,,,,,,,,,,,,,
,,Problems_Accessing_Healthcare_Poorest_MRV,,,,,,,,,,95,,,,,,,72,,,,,,,,,,,,,,,95,,,,,,,,,,,,,,,,,,,,,,,,,,,,,,,,,,,,,,,,85,,,,,,,,68,,,,85,,,,,,,,,,79,47,,,,,,,,72,,68,,,,,,,,,,,,,,,84,,,,,,,,,,,,,,,89,,,,94,,,,,,68,,,,87,,,,,,,,,,,,,,,,,,,,,,,,,,,,,,,,,,,,,,,,,,,,,,,,,,,,,,,,,,,,,,,,,,,,,,,,,,,,,,,,
,,Employed_Children_Total,,,,,,,,,,6,8,,,,,5,10,,,,,,,5,,2,,,,,,14,,,3,,,,,,,,,,,,,5,,6,,,,1,,,,,,,,,,,,6,,,,,,26,,,,,,32,,29,,,,7,38,,,,,,,,,2,4,,6,,,,6,,1,4,34,,,,,,,,,,,,,,,49,,,,,,,,6,,,,,,,27,,,,43,,,,,,35,,,,13,,,6,,,,,,,,,,,,,,,,,,,,,,,,,,,,,,,,,,,,,,,,,,,,,,,,,,,,,,,,,,,,,,,,,,,,,,,,,,,,,
,,Teenage_Mothers_Richest_MRV,,,,,,,,,,2,,,,,,,,,,,,,,23,,,,,,,,8,,,,,,,,,,,,,,,,,,5,,,,,,,,,,,,,,,,,,,,,,6,,,,,,,,8,,,,11,18,,,,,,,,,3,3,,,,,,,,2,,9,,,,,,,,,,,,,,,17,,,,,,,,,,,,,,,26,,,,6,,,,,,7,,,,3,,,,,,,,,,,,,,,,,,,,,,,,,,,,,,,,,,,,,,,,,,,,,,,,,,,,,,,,,,,,,,,,,,,,,,,,,,,,,,,,
,,Life_Expectancy_At_Birth,,,,,,,,,,78,76,,,,,77,75,,,,,,,73,,74,,,,,,69,,,76,,,75,,,,,,,,,,80,76,75,,,,80,,78,,,79,,,,,,,77,,,,,78,66,,,,,,73,,63,,,,74,61,,,,,,,76,,69,69,,70,,,,76,,74,73,67,,,,,,80,,,,,75,,,,64,75,,,,,,,77,,,,,,,59,,,,71,,,,,,54,,,,67,,,78,,,,,,,,,,,,,,,,,,,,,72,,,,,,,,,,,,,,,,,,,,,,,,,,,,,,,,,,,,,,,,,,,,,,,,,,,,,,,,
,,Population,,,,,,,,,,3,42,,,,,45,3,,,,,,,161,,10,,,,,,11,,,210,,,7,,,,,,,,,,19,1393,50,,,,5,,4,,,11,,,,,,,17,,,,,1,109,,,,,,4,,30,,,,17,12,,,,,,,10,,1353,268,,38,,,,3,,10,18,51,,,,,,7,,,,,3,,,,18,32,,,,,,,126,,,,,,,30,,,,28,,,,,,196,,,,212,,,4,,,,,,,,,,,,,,,,,,,,,2,,,,,,,,,,,,,,,,,,,,,,,,,,,,,,,,,,,,,,,,,,,,,,,,,,,,,,,,
,,physician_density,,,,,,,,,,0.333333333,0.023809524,,,,,0.088888889,1,,,,,,,0.00621118,,0.4,,,,,,0.090909091,,,0.00952381,,,0.571428571,,,,,,,,,,0.052631579,0.00143575,0.04,,,,0.2,,0.75,,,0.363636364,,,,,,,0.117647059,,,,,3,,,,,,,1.25,,0,,,,0.058823529,0,,,,,,,0.3,,0.000739098,0,,0.026315789,,,,0.333333333,,0.3,0.166666667,0,,,,,,0.285714286,,,,,1.333333333,,,,,0.0625,,,,,,,0.015873016,,,,,,,0,,,,0.035714286,,,,,,0,,,,0.004716981,,,0.5,,,,,,,,,,,,,,,,,,,,,,,,,,,,,,,,,,,,,,,,,,,,,,,,,,,,,,,,,,,,,,,,,,,,,,,,,,,,,
,,publication_frequency,,,,,,,,,,3,11,,,,,37,1,,,,,,,50,,1,,,,,,3,,,137,,,5,,,,,,,,,,21,920,47,,,,4,,6,,,2,,,,,,,7,,,,,1,12,,,,,,6,,24,,,,3,2,,,,,,,8,,249,296,,12,,,,1,,27,6,31,,,,,,17,,,,,2,,,,13,34,,,,,,,35,,,,,,,2,,,,70,,,,,,65,,,,42,,,4,,,,,,,,,,,,,,,,,,,,,8,,,,,,,,,,,,,,,,,,,,,,,,,,,,,,,,,,,,,,,,,,,,,,,,,,,,,,,,
,,country_x,,,,,,,,,,Albania,Algeria,,,,,Argentina,Armenia,,,,,,,Bangladesh,,Belarus,,,,,,Bolivia,,,Brazil,,,Bulgaria,,,,,,,,,,Chile,China,Colombia,,,,Costa Rica,,Croatia,,,Czech Republic,,,,,,,Ecuador,,,,,Estonia,Ethiopia,,,,,,Georgia,,Ghana,,,,Guatemala,Guinea,,,,,,,Hungary,,India,Indonesia,,Iraq,,,,Jamaica,,Jordan,Kazakhstan,Kenya,,,,,,Lebanon,,,,,Lithuania,,,,Malawi,Malaysia,,,,,,,Mexico,,,,,,,Mozambique,,,,Nepal,,,,,,Nigeria,,,,Pakistan,,,Panama,,,,,,,,,,,,,,,,,,,,,Serbia,,,,,,,,,,,,,,,,,,,,,,,,,,,,,,,,,,,,,,,,,,,,,,,,,,,,,,,,
,,clinical_trial_frequency,,,,,,,,,,1,1,,,,,100,2,,,,,,,16,,10,,,,,,2,,,509,,,2,,,,,,,,,,32,217,80,,,,3,,4,,,3,,,,,,,10,,,,,2,1,,,,,,115,,3,,,,3,2,,,,,,,27,,114,28,,3,,,,9,,10,4,4,,,,,,13,,,,,3,,,,4,53,,,,,,,141,,,,,,,2,,,,6,,,,,,18,,,,58,,,1,,,,,,,,,,,,,,,,,,,,,2,,,,,,,,,,,,,,,,,,,,,,,,,,,,,,,,,,,,,,,,,,,,,,,,,,,,,,,,
